{"cameraMode":{"drawMode":0,"name":"Shaded","section":"Shading Mode"},"sceneLighting":false,"audioPlay":false,"sceneViewState":{"m_AlwaysRefresh":false,"showFog":true,"showSkybox":false,"showFlares":true,"showImageEffects":true,"showParticleSystems":true,"showVisualEffectGraphs":true,"m_FxEnabled":true},"in2DMode":false,"pivot":{"x":0.024699032306671144,"y":0.0032598376274108888,"z":0.2023223638534546},"rotation":{"x":0.03365335240960121,"y":0.2191750705242157,"z":-0.0075645847246050838,"w":0.9750794768333435},"size":1.2524410486221314,"orthographic":false}