{"cameraMode":{"drawMode":0,"name":"Shaded","section":"Shading Mode"},"sceneLighting":true,"audioPlay":false,"sceneViewState":{"m_AlwaysRefresh":false,"showFog":true,"showSkybox":true,"showFlares":true,"showImageEffects":true,"showParticleSystems":true,"showVisualEffectGraphs":true,"m_FxEnabled":true},"in2DMode":false,"pivot":{"x":268.1032409667969,"y":24.597591400146486,"z":-25.9395751953125},"rotation":{"x":-0.010451484471559525,"y":0.09584741294384003,"z":0.0010064288508147002,"w":0.9953413605690002},"size":688.4718627929688,"orthographic":false}