{"cameraMode":{"drawMode":0,"name":"Shaded","section":"Shading Mode"},"sceneLighting":true,"audioPlay":false,"sceneViewState":{"m_AlwaysRefresh":false,"showFog":true,"showSkybox":true,"showFlares":true,"showImageEffects":true,"showParticleSystems":true,"showVisualEffectGraphs":true,"m_FxEnabled":true},"in2DMode":false,"pivot":{"x":5.647242546081543,"y":6.344216346740723,"z":19.219032287597658},"rotation":{"x":0.031494494527578357,"y":0.005099630914628506,"z":-0.0001608403108548373,"w":0.9994933605194092},"size":19.99464225769043,"orthographic":false}