{"cameraMode":{"drawMode":0,"name":"Shaded","section":"Shading Mode"},"sceneLighting":false,"audioPlay":false,"sceneViewState":{"m_AlwaysRefresh":false,"showFog":true,"showSkybox":false,"showFlares":true,"showImageEffects":true,"showParticleSystems":true,"showVisualEffectGraphs":true,"m_FxEnabled":true},"in2DMode":false,"pivot":{"x":1.4901161193847657e-7,"y":0.5447206497192383,"z":-0.20599603652954102},"rotation":{"x":0.03365335240960121,"y":0.2191750705242157,"z":-0.0075645847246050838,"w":0.9750794768333435},"size":2.634161949157715,"orthographic":false}